Channel,Nickname
Украина ру,@ukr_2025_ru
РИА Новости,@rian_ru
РБК-Україна,@RBC_ua_news
Obozrevatel.ua,@uaobozrevatel
Новини.LIVE,@novynylive
NV | nv.ua | Радіо NV | Новини України | Аналітика | Відео | НВ |,@nvua_official
"Україна Сейчас | УС: новини, політика",@u_now
"Україна на часі новини: війна, Росія",@u_now_ua
Повітряні Сили ЗС України / Air Force of the Armed Forc,@kpszsu
TCH новини / TCH.ua,@TCH_channel
Новини Еспресо.TV,@espresotb
УНИАН - новости Украины | война с Россией | новини України | війна з Росією | УНІАН,@uniannet
Новости Херсонщины,@kherson_news_info
Україна Online: Новини | Політика,@UaOnlii
Донбасс решает,@donbassr
VARTA1 Львів Львівщина,@varta1
Труха⚡️Україна,@truexanewsua
INSIDER UA | Україна | Новини,@insiderUKR
"Цензор.НЕТ | Новини України та світу, війна та аналітика",@censor_net
СУСПІЛЬНЕ НОВИНИ,@suspilnenews
Труха⚡️Київ,@truexakyiv
hromadske,@hromadske_ua
Українська правда,@ukrpravda_news
Open Ukraine| Открытая Украина,@OpenUkraine
Бабель,@babel
Типичная Одесса,@odessa_typical
Ukraine NOW,@UkraineNow
Readovka,@readovkanews
Укрінформ | Новини України,@ukrinform_news
Анатолий Шарий,@ASupersharij
Труха⚡️Харків | Новини,@truexakharkiv
Типовий Львів,@lvivtp
Отряд Ковпака,@otryadkovpaka
Украина. Спецоперация. Мониторинг СВО,@MonitoringUA
UKR LEAKS,@ukr_leaks
🔥Токмак Сегодня,@tokmak_segodna
Бердянск ZaVtra,@brd_zavtra
Херсонский Вестник,@HersonVestnik
Телебачення Торонто,@torontotv
Радіо Свобода,@svoboda_radio
Главное в Херсоне и области,@hersonruss
Главное в Мелитополе,@melitopol_ru
Новый Мелитополь,@NowMelitopol
ХЕРСОН сегодня,@herson_today
LIGA.net,@liganet
Суспільне Львів,@suspilnelviv
ТелеДНО,@tvdno
Оперативний🚀ЗСУ,@Ukrainerada
Главное в Каховке и Новой Каховке,@newkahovka_ru
Главное в Скадовске,@skadovsk_rus
Новости ⚠️ Северодонецк-Лисичанск-Рубежное + Кременная Новости Треугольника,@novsevlisrub
Главное в Геническе,@Genichesk_ru
Главное в Энергодаре,@energodar_ru
Главное в Бердянске,@berdyansk_ru
ЗеРада,@ZeRada1
Главное в Пологах,@polohy_ru
ЗАПОРОЖСКИЙ ВЕСТНИК,@zpvestnik
MediaKiller,@MediaKiller2021
Нетленка,@netlenkanet
Южный Регион/Новоро́ссия,@Novorossia_Region
Сплетница,@spletnicca
Крокодил,@KrokooDil
ЭНЕРГОДАРСКИЙ СВЯЗНОЙ,@zaporojie24
Резидент,@rezident_ua
#МОНТЯН!,@montyan2
Запрещённая Украина,@godeye_ru
Максим Козицький/Львівська ОВА (ОДА),@kozytskyy_maksym_official
Старше Эдды,@vysokygovorit
ХтоШо | Сергей Черкасский,@htosho
НачШтабу,@nach_shtabu
Легитимный,@legitimniy
Картель,@ZE_kartel
Dirty Harry | Игорь Гомольский,@harry_homolsky
Женщина с косой,@skosoi
Васильевка On-line,@vasulivka
Анатолий Шарий,@Sharij_News_l
Чёрный Квартал,@cherniy_kvartal
Министерство здравоохранения Запорожской области,@depzdravzo
цибуля 🇺🇦,@tsibulya_ua
Администрация города Мелитополя,@melitopoladmln
ОЛЬГА ШАРИЙ,@OlgaSharij
Пухов LIVE 🇷🇺,@Pukhov_M
63 бригада | СТАЛЕВІ ЛЕВИ,@ombr_63
Токмак сегодня,@tokmaksegodnya
🏴‍☠️Бунтарь,@buntariy
«Единая Россия» | Город Энергодар,@er_energodar
Городской Совет депутатов г.Энергодар,@gorsovet_energodar
Украинский Формат 🇷🇺,@Ukrainian_format
Одесский фраер,@life_odessa
Military photographer,@photographermilitary
Тень на плетень,@Ten_NaPleten
наглый,@maksnazar
«Вовки Да Вінчі» окремий 108 батальйон,@smertvorogy
Политический расклад,@polititionrasklad
ЭНЕРГОДАР СЕГОДНЯ,@energadartoday
Атомград Энергодар,@atomgradenergodar
ЮЖНЫЙ ФРОНТ 🔹ХЕРСОН🔹 НИКОЛАЕВ🔹ЗАПОРОЖЬЕ🔹 ОДЕССА🔹 КРЫМ,@herson_live
Харьковские Антифашисты,@Kharkiv_antiFA